CYAN,D300_TV01_P1,3011
MAGENTA,D300_TV01_P2,3012
,D300_TV01_S1,3013
YELLOW,D300_TV02_P1,3021
BLACK,D300_TV02_P2,3022
,D300_TV02_S1,3023
CYAN,D300_TV03_P1,3031
MAGENTA,D300_TV03_P2,3032
,D300_TV03_S1,3033
YELLOW,D300_TV04_P1,3041
BLACK,D300_TV04_P2,3042
,D300_TV04_S1,3043
CYAN,D300_TV05_P1,3051
MAGENTA,D300_TV05_P2,3052
,D300_TV05_S1,3053
YELLOW,D300_TV06_P1,3061
BLACK,D300_TV06_P2,3062
,D300_TV06_S1,3063
CYAN,D300_TV07_P1,3071
MAGENTA,D300_TV07_P2,3072
,D300_TV07_S1,3073
YELLOW,D300_TV08_P1,3081
BLACK,D300_TV08_P2,3082
,D300_TV08_S1,3083
CYAN,D300_TV09_P1,3091
MAGENTA,D300_TV09_P2,3092
,D300_TV09_S1,3093
YELLOW,D300_TV10_P1,3101
BLACK,D300_TV10_P2,3102
,D300_TV10_S1,3103
CYAN,D300_TV11_P1,3111
MAGENTA,D300_TV11_P2,3112
,D300_TV11_S1,3113
YELLOW,D300_TV12_P1,3121
BLACK,D300_TV12_P2,3122
,D300_TV12_S1,3123
BLACK,D300_TV13_P1,3131
,D300_TV13_P2,3132
BLACK,D300_TV13_S1,3133
CYAN,D300_TV14_P1,3141
,D300_TV14_P2,3142
MAGENTA,D300_TV15_P1,3151
YELLOW,D300_TV16_P1,3161
BLACK,D300_TV17_P1,3171
CYAN,D300_TV14_S1,3143
,D300_TV15_P2,3152
MAGENTA,D300_TV15_S1,3153
,D300_TV16_P2,3162
YELLOW,D300_TV16_S1,3163
,D300_TV17_P2,3172
BLACK,D300_TV17_S1,3173
,,
CYAN,D25_TV01_P1,2011
MAGENTA,D25_TV01_P2,2012
,D25_TV01_S1,2013
YELLOW,D25_TV02_P1,2021
BLACK,D25_TV02_P2,2022
,D25_TV02_S1,2023
CYAN,D25_TV03_P1,2031
MAGENTA,D25_TV03_P2,2032
,D25_TV03_S1,2033
YELLOW,D25_TV04_P1,2041
BLACK,D25_TV04_P2,2042
,D25_TV04_S1,2043
CYAN,D25_TV05_P1,2051
MAGENTA,D25_TV05_P2,2052
,D25_TV05_S1,2053
YELLOW,D25_TV06_P1,2061
BLACK,D25_TV06_P2,2062
,D25_TV06_S1,2063
CYAN,D25_TV07_P1,2071
MAGENTA,D25_TV07_P2,2072
,D25_TV07_S1,2073
YELLOW,D25_TV08_P1,2081
BLACK,D25_TV08_P2,2082
,D25_TV08_S1,2083
CYAN,D25_TV09_P1,2091
MAGENTA,D25_TV09_P2,2092
,D25_TV09_S1,2093
YELLOW,D25_TV10_P1,2101
BLACK,D25_TV10_P2,2102
,D25_TV10_S1,2103
CYAN,D25_TV11_P1,2111
MAGENTA,D25_TV11_P2,2112
,D25_TV11_S1,2113
YELLOW,D25_TV12_P1,2121
BLACK,D25_TV12_P2,2122
,D25_TV12_S1,2123
BLACK,D25_TV13_P1,2131
,D25_TV13_P2,2132
BLACK,D25_TV13_S1,2133
CYAN,D25_TV14_P1,2141
MAGENTA,D25_TV15_P1,2151
YELLOW,D25_TV16_P1,2161
BLACK,D25_TV17_P1,2171
CYAN,D25_TV14_S1,2143
MAGENTA,D25_TV15_S1,2153
YELLOW,D25_TV16_S1,2163
BLACK,D25_TV17_S1,2173

CYAN,WEB1_TV01_P1,3181
MAGENTA,WEB1_TV02_P1,3191
YELLOW,WEB1_TV03_P1,3201
BLACK,WEB1_TV04_P1,3211
CYAN,WEB1_TV01_S1,3183
MAGENTA,WEB1_TV02_S1,3193
YELLOW,WEB1_TV03_S1,3203
BLACK,WEB1_TV04_S1,3213

CYAN,WEB2_TV01_P1,3221
MAGENTA,WEB2_TV02_P1,3231
YELLOW,WEB2_TV03_P1,3241
BLACK,WEB2_TV04_P1,3251
CYAN,WEB2_TV01_S1,3223
MAGENTA,WEB2_TV02_S1,3233
YELLOW,WEB2_TV03_S1,3243
BLACK,WEB2_TV04_S1,3253

CYAN,WEB3_TV01_P1,3261
MAGENTA,WEB3_TV02_P1,3271
YELLOW,WEB3_TV03_P1,3281
BLACK,WEB3_TV04_P1,3291
CYAN,WEB3_TV01_S1,3263
MAGENTA,WEB3_TV02_S1,3273
YELLOW,WEB3_TV03_S1,3283
BLACK,WEB3_TV04_S1,3293

CYAN,WEB4_TV01_P1,3301
MAGENTA,WEB4_TV02_P1,3311
YELLOW,WEB4_TV03_P1,3321
BLACK,WEB4_TV04_P1,3331
CYAN,WEB4_TV01_S1,3303
MAGENTA,WEB4_TV02_S1,3313
YELLOW,WEB4_TV03_S1,3323
BLACK,WEB4_TV04_S1,3333
,,
CYAN,COMV_TV01_P1,4011
MAGENTA,COMV_TV02_P1,4021
YELLOW,COMV_TV03_P1,4031
BLACK,COMV_TV04_P1,4041
CYAN,COMV_TV01_S1,4013
MAGENTA,COMV_TV02_S1,4023
YELLOW,COMV_TV03_S1,4033
BLACK,COMV_TV04_S1,4043
CYAN,COMV_TV05_P1,4051
MAGENTA,COMV_TV06_P1,4061
YELLOW,COMV_TV07_P1,4071
BLACK,COMV_TV08_P1,4081
CYAN,COMV_TV05_S1,4053
MAGENTA,COMV_TV06_S1,4063
YELLOW,COMV_TV07_S1,4073
BLACK,COMV_TV08_S1,4083

BLACK,COMV_TV09_P1,4091
BLACK,COMV_TV09_S1,4093

CYAN,COMV_TV10_P1,4101
MAGENTA,COMV_TV11_P1,4111
YELLOW,COMV_TV12_P1,4121
BLACK,COMV_TV13_P1,4131

CYAN,COMV_TV10_S1,4103
MAGENTA,COMV_TV11_S1,4113
YELLOW,COMV_TV12_S1,4123
BLACK,COMV_TV13_S1,4133

CYAN,COMV_TV14_P1,4141
MAGENTA,COMV_TV15_P1,4151
YELLOW,COMV_TV16_P1,4161
BLACK,COMV_TV17_P1,4171
CYAN,COMV_TV14_S1,4143
MAGENTA,COMV_TV15_S1,4153
YELLOW,COMV_TV16_S1,4163
BLACK,COMV_TV17_S1,4173

BLACK,COMV_TV18_P1,4181
BLACK,COMV_TV18_S1,4183	

BLACK,COMA_TV01_P1,5011
BLACK,COMA_TV01_S1,5013
BLACK,COMA_TV02_P1,5021
BLACK,COMA_TV02_S1,5023
BLACK,COMA_TV03_P1,5031
BLACK,COMA_TV03_S1,5033
BLACK,COMA_TV04_P1,5041
BLACK,COMA_TV04_S1,5043

CYAN,COMA_TV05_P1,5051
MAGENTA,COMA_TV06_P1,5061
YELLOW,COMA_TV07_P1,5071
BLACK,COMA_TV08_P1,5081

CYAN,COMA_TV05_S1,5053
MAGENTA,COMA_TV06_S1,5063
YELLOW,COMA_TV07_S1,5073
BLACK,COMA_TV08_S1,5083

CYAN,COMA_TV09_P1,5091
MAGENTA,COMA_TV10_P1,5101
YELLOW,COMA_TV11_P1,5111
BLACK,COMA_TV12_P1,5121
CYAN,COMA_TV09_S1,5093
MAGENTA,COMA_TV10_S1,5103
YELLOW,COMA_TV11_S1,5113
BLACK,COMA_TV12_S1,5123

CYAN,COMA_TV13_P1,5131
MAGENTA,COMA_TV14_P1,5141
YELLOW,COMA_TV15_P1,5151
BLACK,COMA_TV16_P1,5161
CYAN,COMA_TV13_S1,5133
MAGENTA,COMA_TV14_S1,5143
YELLOW,COMA_TV15_S1,5153
BLACK,COMA_TV16_S1,5163
